,Classname,Filename,Classfolder,Datasetname
0,Toyota Corolla,corollaside.jpeg,Toyota_Corolla,Custom
1,Toyota Corolla,corollafront.jpeg,Toyota_Corolla,Custom
2,Toyota Corolla,corollaback.jpeg,Toyota_Corolla,Custom
3,Cadillac Cts,CadillacCts - front.jpeg,Cadillac_CTS,Custom
4,Cadillac Cts,cadillacCTS-side.jpeg,Cadillac_CTS,Custom
5,Cadillac Cts,CadillacCTSback.jpeg,Cadillac_CTS,Custom
6,Dodge Caliber,caliberback.jpeg,Dodge_Caliber,Custom
7,Dodge Caliber,caliberside.jpeg,Dodge_Caliber,Custom
8,Dodge Caliber,caliberfront.jpeg,Dodge_Caliber,Custom
9,Mitsubishi Outlander,outlanderback.jpeg,Mitsubishi_Outlander,Custom
10,Mitsubishi Outlander,outlanderside.jpeg,Mitsubishi_Outlander,Custom
11,Mitsubishi Outlander,outlanderfront.jpeg,Mitsubishi_Outlander,Custom
12,Chrysler Sebring,sebring front.jpeg,Chrysler_Sebring,Custom
13,Chrysler Sebring,2008_chrysler_sebring_rearview.jpeg,Chrysler_Sebring,Custom
14,Chrysler Sebring,sebringside.jpeg,Chrysler_Sebring,Custom
15,Kia Optima,optimaback.jpeg,KIA_Optima,Custom
16,Kia Optima,optimaside.jpeg,KIA_Optima,Custom
17,Kia Optima,optimafront.jpeg,KIA_Optima,Custom
18,Ford E Series Van Econoline,eseriesside.jpeg,Ford_E_Series_Van_Econoline,Custom
19,Ford E Series Van Econoline,eseriesfront.jpeg,Ford_E_Series_Van_Econoline,Custom
20,Ford E Series Van Econoline,eseriesback.jpeg,Ford_E_Series_Van_Econoline,Custom
21,Chrysler Town And Country,chrysler townandcountryback.jpeg,Chrysler_Town_and_Country,Custom
22,Chrysler Town And Country,chrystownandcountryside.jpeg,Chrysler_Town_and_Country,Custom
23,Chrysler Town And Country,ctandcfront.jpeg,Chrysler_Town_and_Country,Custom
24,Chrysler Pt Cruiser,ptcruiserside.jpeg,Chrysler_PT_Cruiser,Custom
25,Chrysler Pt Cruiser,ptcruiserback.jpeg,Chrysler_PT_Cruiser,Custom
26,Chrysler Pt Cruiser,ptcruiserfront.jpeg,Chrysler_PT_Cruiser,Custom
27,Toyota Prius,priusback.jpeg,Toyota_Prius,Custom
28,Toyota Prius,priusside.jpeg,Toyota_Prius,Custom
29,Toyota Prius,priusfront.jpeg,Toyota_Prius,Custom
30,Chevrolet Blazer Tahoe,chevyblazerback.jpeg,Chevrolet_Blazer_Tahoe,Custom
31,Chevrolet Blazer Tahoe,chevy blazer side.jpeg,Chevrolet_Blazer_Tahoe,Custom
32,Chevrolet Blazer Tahoe,chevyblazer front.jpeg,Chevrolet_Blazer_Tahoe,Custom
33,Ford Edge,edgeback.jpeg,Ford_Edge,Custom
34,Ford Edge,edgefront.jpeg,Ford_Edge,Custom
35,Ford Edge,edge side.jpeg,Ford_Edge,Custom
36,Dodge Avenger,avengerside.jpeg,Dodge_Avenger,Custom
37,Dodge Avenger,avengerfront.jpeg,Dodge_Avenger,Custom
38,Dodge Avenger,avengerback.jpeg,Dodge_Avenger,Custom
39,Hyundai Accent,accentback.jpeg,Hyundai_Accent,Custom
40,Hyundai Accent,accentside.jpeg,Hyundai_Accent,Custom
41,Hyundai Accent,frontaccent.jpeg,Hyundai_Accent,Custom
42,Chrysler 200,chrysler200front.jpeg,Chrysler_200,Custom
43,Chrysler 200,Chrysler-200-side.jpeg,Chrysler_200,Custom
44,Chrysler 200,chrysler200back.jpeg,Chrysler_200,Custom
45,Pontiac G6,pontiacg6back.jpeg,Pontiac_G6,Custom
46,Pontiac G6,g6side.jpeg,Pontiac_G6,Custom
47,Pontiac G6,g6front.jpeg,Pontiac_G6,Custom
48,Nissan Versa,versafront.jpeg,Nissan_Versa,Custom
49,Nissan Versa,versaside.jpeg,Nissan_Versa,Custom
50,Nissan Versa,versaback.jpeg,Nissan_Versa,Custom
51,Kia Rio,riofront.jpg,Kia_Rio,Custom
52,Kia Rio,rioside.jpeg,Kia_Rio,Custom
53,Kia Rio,rioback.jpg,Kia_Rio,Custom
54,Kia Soul,soulfront.jpeg,Kia_Soul,Custom
55,Kia Soul,soulside.jpeg,Kia_Soul,Custom
56,Kia Soul,soulback.jpeg,Kia_Soul,Custom
57,Honda Accord,hondaaccordside.jpeg,Honda_Accord,Custom
58,Honda Accord,hondaaccordfront.jpeg,Honda_Accord,Custom
59,Honda Accord,hondaaccordback.jpg,Honda_Accord,Custom
60,Chevrolet Avalanche,chevroletavalanche-front.jpeg,Chevrolet_Avalanche,Custom
61,Chevrolet Avalanche,chevrolet avalanche-side.jpeg,Chevrolet_Avalanche,Custom
62,Chevrolet Avalanche,avalanche-back.jpeg,Chevrolet_Avalanche,Custom
63,Jeep Yj Wrangler,wranglerside.jpeg,Jeep_YJ_Wrangler,Custom
64,Jeep Yj Wrangler,wranglerback.jpeg,Jeep_YJ_Wrangler,Custom
65,Jeep Yj Wrangler,wranglerfront.jpeg,Jeep_YJ_Wrangler,Custom
66,Honda Cr V,hondacrvfront.jpeg,Honda_Cr_V,Custom
67,Honda Cr V,crvside.jpeg,Honda_Cr_V,Custom
68,Honda Cr V,crvback.jpeg,Honda_Cr_V,Custom
69,Chevrolet Cruze,chevycruzeback.jpeg,Chevrolet_Cruze,Custom
70,Chevrolet Cruze,chevycruzeside.jpeg,Chevrolet_Cruze,Custom
71,Chevrolet Cruze,chevycruzefront.jpeg,Chevrolet_Cruze,Custom
72,Nissan Altima,altimaback.jpeg,Nissan_Altima,Custom
73,Nissan Altima,altimaside.jpeg,Nissan_Altima,Custom
74,Nissan Altima,altimafront.jpeg,Nissan_Altima,Custom
75,Chrysler 300M,chrysler300mback.jpeg,Chrysler_300M,Custom
76,Chrysler 300M,300mfront.jpeg,Chrysler_300M,Custom
77,Chrysler 300M,chrysler300mside.jpeg,Chrysler_300M,Custom
78,Ford Mustang,mustangside.jpeg,Ford_Mustang,Custom
79,Ford Mustang,mustangback.jpeg,Ford_Mustang,Custom
80,Ford Mustang,mustangfront.jpg,Ford_Mustang,Custom
81,Dodge Ram Pickup,rampickupback.jpeg,Dodge_Ram_Pickup,Custom
82,Dodge Ram Pickup,ramfront.jpeg,Dodge_Ram_Pickup,Custom
83,Dodge Ram Pickup,dodgeramside.jpeg,Dodge_Ram_Pickup,Custom
84,Toyota Sienna,siennaback.jpeg,Toyota_Sienna,Custom
85,Toyota Sienna,siennaside.jpeg,Toyota_Sienna,Custom
86,Toyota Sienna,siennafront.jpeg,Toyota_Sienna,Custom
87,Kia Forte,fortefront.jpeg,Kia_Forte,Custom
88,Kia Forte,forteside.jpeg,Kia_Forte,Custom
89,Kia Forte,forteback.jpeg,Kia_Forte,Custom
90,Chevrolet Ckrv Series,chevrolet c-series side.jpeg,Chevrolet_CKRV_Series,Custom
91,Chevrolet Ckrv Series,chevrolet c series front.jpeg,Chevrolet_CKRV_Series,Custom
92,Chevrolet Ckrv Series,ckseriesback.jpeg,Chevrolet_CKRV_Series,Custom
93,Lexus Es250,lexuses250front.jpeg,Lexus_Es250,Custom
94,Lexus Es250,es250side.jpeg,Lexus_Es250,Custom
95,Lexus Es250,es250back.jpeg,Lexus_Es250,Custom
96,Chevrolet Traverse,chevy traverse back.jpeg,Chevrolet_Traverse,Custom
97,Chevrolet Traverse,chevy traverse side.jpeg,Chevrolet_Traverse,Custom
98,Chevrolet Traverse,chevytraverse front.jpeg,Chevrolet_Traverse,Custom
99,Ford Explorer,explorerside.jpeg,Ford_Explorer,Custom
100,Ford Explorer,explorerback.jpeg,Ford_Explorer,Custom
101,Ford Explorer,explorer front.jpeg,Ford_Explorer,Custom
102,Dodge Journey,journeyfront.jpeg,Dodge_Journey,Custom
103,Dodge Journey,journeyside.jpeg,Dodge_Journey,Custom
104,Dodge Journey,journeyback.jpeg,Dodge_Journey,Custom
105,Honda Odyssey,odysseyback.jpeg,Honda_Odyssey,Custom
106,Honda Odyssey,odysseyside.jpeg,Honda_Odyssey,Custom
107,Honda Odyssey,odysseyfront.jpeg,Honda_Odyssey,Custom
108,Nissan Xterra,xterraback.jpeg,Nissan_Xterra,Custom
109,Nissan Xterra,xterraside.jpeg,Nissan_Xterra,Custom
110,Nissan Xterra,xterrafront.jpeg,Nissan_Xterra,Custom
111,Jeep Compass,compassback.jpeg,Jeep_Compass,Custom
112,Jeep Compass,compassside.jpeg,Jeep_Compass,Custom
113,Jeep Compass,compassfront.jpeg,Jeep_Compass,Custom
114,Gmc Ckrv Series,gmc c series back.jpeg,GMC_CKRV_series,Custom
115,Gmc Ckrv Series,gmc series front.jpeg,GMC_CKRV_series,Custom
116,Gmc Ckrv Series,gmcseries c series side.jpeg,GMC_CKRV_series,Custom
117,Dodge Charger,dodgechargerfront.jpeg,Dodge_Charger,Custom
118,Dodge Charger,dodgechargerside.jpeg,Dodge_Charger,Custom
119,Dodge Charger,dodge charger back.jpeg,Dodge_Charger,Custom
120,Honda Civic,hondacivicback.jpeg,Honda_Civic,Custom
121,Honda Civic,hondacivicside.jpeg,Honda_Civic,Custom
122,Honda Civic,civicfront.jpeg,Honda_Civic,Custom
123,Chevrolet Suburban,frontchevysuburban.jpeg,Chevrolet_Suburban,Custom
124,Chevrolet Suburban,chevysuburbanside.jpeg,Chevrolet_Suburban,Custom
125,Chevrolet Suburban,chevysuburbanback.jpeg,Chevrolet_Suburban,Custom
126,Lexus Rx300,rx300back.jpeg,Lexus_RX300,Custom
127,Lexus Rx300,rx300side.jpeg,Lexus_RX300,Custom
128,Lexus Rx300,rx300front.jpeg,Lexus_RX300,Custom
129,Nissan 810 Maxima,maximaside.jpeg,Nissan_810_Maxima,Custom
130,Nissan 810 Maxima,maximafront.jpeg,Nissan_810_Maxima,Custom
131,Nissan 810 Maxima,maximaback.jpeg,Nissan_810_Maxima,Custom
132,Chevrolet Cobalt,chevycobaltback.jpeg,Chevrolet_Cobalt,Custom
133,Chevrolet Cobalt,chevycobaltside.jpeg,Chevrolet_Cobalt,Custom
134,Chevrolet Cobalt,chevycobaltfront.jpeg,Chevrolet_Cobalt,Custom
135,Dodge Durango,durangofront.jpeg,Dodge_Durango,Custom
136,Dodge Durango,durangoback.jpeg,Dodge_Durango,Custom
137,Dodge Durango,durangoside.jpg,Dodge_Durango,Custom
138,Kia Sportage,sportageback.jpeg,Kia_Sportage,Custom
139,Kia Sportage,sportageside.jpeg,Kia_Sportage,Custom
140,Kia Sportage,sportagefront.jpeg,Kia_Sportage,Custom
141,Nissan Pathfinder,pathfinderfront.jpeg,Nissan_Pathfinder,Custom
142,Nissan Pathfinder,pathfinderside.jpeg,Nissan_Pathfinder,Custom
143,Nissan Pathfinder,pathfinderback.jpeg,Nissan_Pathfinder,Custom
144,Acura Tl,acuraTL-front.jpeg,Acura_TL,Custom
145,Acura Tl,acuraTL-side.jpeg,Acura_TL,Custom
146,Acura Tl,acuraTL-back.jpeg,Acura_TL,Custom
147,Nissan Frontier,frontierfront.jpeg,Nissan_Frontier,Custom
148,Nissan Frontier,frontierside.jpeg,Nissan_Frontier,Custom
149,Nissan Frontier,frontierback.jpeg,Nissan_Frontier,Custom
150,Chevrolet Equinox,chevroletequinoxfront.jpeg,Chevrolet_Equinox,Custom
151,Chevrolet Equinox,chevyequinoxside.jpeg,Chevrolet_Equinox,Custom
152,Chevrolet Equinox,chevroletequinoxback.jpeg,Chevrolet_Equinox,Custom
153,Dodge Caravan,caravanfront.jpeg,Dodge_Caravan,Custom
154,Dodge Caravan,caravanside.jpeg,Dodge_Caravan,Custom
155,Dodge Caravan,caravan back.jpeg,Dodge_Caravan,Custom
156,Ford Taurus,fordtaurusside.jpeg,Ford_Taurus,Custom
157,Ford Taurus,fordtaurusback.jpeg,Ford_Taurus,Custom
158,Ford Taurus,fordtaurusfront.jpg,Ford_Taurus,Custom
159,Buick Enclave,buickenclave-front.jpeg,Buick_Enclave,Custom
160,Buick Enclave,buickenclave-side.jpeg,Buick_Enclave,Custom
161,Buick Enclave,buickenclave-back.jpeg,Buick_Enclave,Custom
162,Toyota Tacoma,tacomafront.jpeg,Toyota_Tacoma,Custom
163,Toyota Tacoma,tacomaside.jpeg,Toyota_Tacoma,Custom
164,Toyota Tacoma,tacomaback.jpeg,Toyota_Tacoma,Custom
165,Ford Fiesta,fiestafront.jpeg,Ford_Fiesta,Custom
166,Ford Fiesta,fiestaside.jpeg,Ford_Fiesta,Custom
167,Ford Fiesta,fiestaback.jpeg,Ford_Fiesta,Custom
168,Ford Ranger,fordrangerback.jpeg,Ford_Ranger,Custom
169,Ford Ranger,rangerfront.jpeg,Ford_Ranger,Custom
170,Ford Ranger,rangerside.jpeg,Ford_Ranger,Custom
171,Mercury Marquis,marquisside.jpeg,Mercury_Marquis,Custom
172,Mercury Marquis,grandmarquisfront.jpeg,Mercury_Marquis,Custom
173,Mercury Marquis,marquisback.jpeg,Mercury_Marquis,Custom
174,Toyota Yaris,yarisback.jpeg,Toyota_Yaris,Custom
175,Toyota Yaris,yarisside.jpeg,Toyota_Yaris,Custom
176,Toyota Yaris,yarisfront.jpeg,Toyota_Yaris,Custom
177,Dodge Dakota,dakotaread.jpeg,Dodge_Dakota,Custom
178,Dodge Dakota,dakota side.jpeg,Dodge_Dakota,Custom
179,Dodge Dakota,dakota front.jpeg,Dodge_Dakota,Custom
180,Toyota Camry,camry-back.jpeg,Toyota_Camry,Custom
181,Toyota Camry,camry-side.jpeg,Toyota_Camry,Custom
182,Toyota Camry,camryfront.jpeg,Toyota_Camry,Custom
183,Chevrolet Hhr,chevroletHHR.jpeg,Chevrolet_HHR,Custom
184,Chevrolet Hhr,chevyHHRside.jpeg,Chevrolet_HHR,Custom
185,Chevrolet Hhr,chevyHHRback.jpeg,Chevrolet_HHR,Custom
186,Volkswagen Jetta,jetta front.jpeg,Volkswagen_Jetta,Custom
187,Volkswagen Jetta,jettaside.jpeg,Volkswagen_Jetta,Custom
188,Volkswagen Jetta,jettaback.jpeg,Volkswagen_Jetta,Custom
189,Nissan Murano,muranoback.jpeg,Nissan_Murano,Custom
190,Nissan Murano,muranoside.jpeg,Nissan_Murano,Custom
191,Nissan Murano,muranofront.jpeg,Nissan_Murano,Custom
192,Chevrolet Colorado,chevycoloradofront.jpeg,Chevrolet_Colorado,Custom
193,Chevrolet Colorado,chevycoloradoside.jpeg,Chevrolet_Colorado,Custom
194,Chevrolet Colorado,chevycoloradoback.jpeg,Chevrolet_Colorado,Custom
195,Ford Fusion,fusionback.jpeg,Ford_Fusion,Custom
196,Ford Fusion,fusionside.jpeg,Ford_Fusion,Custom
197,Ford Fusion,fusionfront.jpeg,Ford_Fusion,Custom
198,Ford Escape,escapeside.jpeg,Ford_Escape,Custom
199,Ford Escape,escapefront.jpeg,Ford_Escape,Custom
200,Ford Escape,escapeback.jpg,Ford_Escape,Custom
201,Cadillac Srx,cadillacSRXback.jpeg,Cadillac_SRX,Custom
202,Cadillac Srx,cadillacsrx-side.jpeg,Cadillac_SRX,Custom
203,Cadillac Srx,cadillac srxfront.jpeg,Cadillac_SRX,Custom
204,Ford Focus,focusback.jpeg,Ford_Focus,Custom
205,Ford Focus,focusside.jpeg,Ford_Focus,Custom
206,Ford Focus,focusfront.jpeg,Ford_Focus,Custom
207,Jeep Patriot,patriotfront.jpeg,Jeep_Patriot,Custom
208,Jeep Patriot,patriotback.jpeg,Jeep_Patriot,Custom
209,Jeep Patriot,patriotside.jpeg,Jeep_Patriot,Custom
210,Saturn Vue,2008_saturn_vue_rearview.jpeg,Saturn_Vue,Custom
211,Saturn Vue,2010-saturn-vue-side-view-carbuzz-712345-1600.jpeg,Saturn_Vue,Custom
212,Saturn Vue,vuefront.jpeg,Saturn_Vue,Custom
213,Honda Fit,hondafitside.jpeg,Honda_Fit,Custom
214,Honda Fit,hondafitfront.jpeg,Honda_Fit,Custom
215,Honda Fit,hondafitback.jpeg,Honda_Fit,Custom
216,Jeep Grand Cherokee,cherokeefront.jpeg,Jeep_Grand_Cherokee,Custom
217,Jeep Grand Cherokee,cherokeeside.jpeg,Jeep_Grand_Cherokee,Custom
218,Jeep Grand Cherokee,cherokeeback.jpeg,Jeep_Grand_Cherokee,Custom
219,Hyundai Sonata,sonataside.jpeg,Hyundai_Sonata,Custom
220,Hyundai Sonata,sonatafront.jpeg,Hyundai_Sonata,Custom
221,Hyundai Sonata,sonataback.jpeg,Hyundai_Sonata,Custom
222,Toyota Tundra,tundraback.jpeg,Toyota_Tundra,Custom
223,Toyota Tundra,toyotatundrafront.jpeg,Toyota_Tundra,Custom
224,Toyota Tundra,tundraside.jpeg,Toyota_Tundra,Custom
225,Toyota Rav4,rav4front.jpeg,Toyota_RAV4,Custom
226,Toyota Rav4,rav4side.jpeg,Toyota_RAV4,Custom
227,Toyota Rav4,rav4back.jpeg,Toyota_RAV4,Custom
228,Toyota Sequoia,sequioafront.jpeg,Toyota_Sequoia,Custom
229,Toyota Sequoia,sequoiaside.jpeg,Toyota_Sequoia,Custom
230,Toyota Sequoia,sequoiaback.jpeg,Toyota_Sequoia,Custom
231,Ford Expedition,expeditionback.jpeg,Ford_Expedition,Custom
232,Ford Expedition,expeditionfront.jpeg,Ford_Expedition,Custom
233,Ford Expedition,expeditionside.jpeg,Ford_Expedition,Custom
234,Mazda Mazda3,mazda3front.jpeg,Mazda_Mazda3,Custom
235,Mazda Mazda3,mazda3back.jpeg,Mazda_Mazda3,Custom
236,Mazda Mazda3,mazda3side.jpeg,Mazda_Mazda3,Custom
237,Hyundai Santa Fe,santafefront.jpeg,Hyundai_Santa_Fe,Custom
238,Hyundai Santa Fe,santafeside.jpeg,Hyundai_Santa_Fe,Custom
239,Hyundai Santa Fe,santafeback.jpeg,Hyundai_Santa_Fe,Custom
240,Infiniti G25,g25back.jpeg,Infiniti_G25,Custom
241,Infiniti G25,g25side.jpeg,Infiniti_G25,Custom
242,Infiniti G25,g25front.jpeg,Infiniti_G25,Custom
243,Nissan Sentra,nissansentraback.jpeg,Nissan_Sentra,Custom
244,Nissan Sentra,nissansentra side.jpeg,Nissan_Sentra,Custom
245,Nissan Sentra,nissan sentra front.jpeg,Nissan_Sentra,Custom
246,Toyota Highlander,highlanderfront.jpeg,Toyota_Highlander,Custom
247,Toyota Highlander,highlanderside.jpeg,Toyota_Highlander,Custom
248,Toyota Highlander,highlanderback.jpeg,Toyota_Highlander,Custom
249,Gmc Acadia,acadia side.jpeg,GMC_Acadia,Custom
250,Gmc Acadia,acadiadront.jpeg,GMC_Acadia,Custom
251,Gmc Acadia,gmcacadiaback.jpeg,GMC_Acadia,Custom
252,Jeep Cherokee,cherokeefront.jpeg,Jeep_Cherokee,Custom
253,Jeep Cherokee,cherokeeside.jpeg,Jeep_Cherokee,Custom
254,Jeep Cherokee,cherokeeback.jpeg,Jeep_Cherokee,Custom
255,Chevrolet Trailblazer,chevrolettrailblazerback.jpeg,Chevrolet_TrailBlazer,Custom
256,Chevrolet Trailblazer,2021-chevrolet-trailblazer-side-view-carbuzz-759089-1600.jpeg,Chevrolet_TrailBlazer,Custom
257,Chevrolet Trailblazer,chevrolettrailblazerfront.jpeg,Chevrolet_TrailBlazer,Custom
258,Toyota 4Runner,4runnerback.jpeg,Toyota_4Runner,Custom
259,Toyota 4Runner,4runnerside.jpeg,Toyota_4Runner,Custom
260,Toyota 4Runner,4runnerfront.jpeg,Toyota_4Runner,Custom
261,Buick Lesabre,buicklesabre-side.jpeg,Buick_LeSabre,Custom
262,Buick Lesabre,Buick_lesabre_front.jpeg,Buick_LeSabre,Custom
263,Buick Lesabre,buicklesabre-back.jpg,Buick_LeSabre,Custom
264,Kia Sorento,sorentoback.jpeg,Kia_Sorento,Custom
265,Kia Sorento,sorentoside.jpeg,Kia_Sorento,Custom
266,Kia Sorento,sorentofront.jpeg,Kia_Sorento,Custom
267,Hyundai Tuscon,hyundai tuscon side.jpeg,Hyundai_Tuscon,Custom
268,Hyundai Tuscon,tusconfront.jpeg,Hyundai_Tuscon,Custom
269,Hyundai Tuscon,tusconback.jpeg,Hyundai_Tuscon,Custom
270,Volkswagen Passat,passatback.jpeg,Volkswagen_Passat,Custom
271,Volkswagen Passat,passatfront.jpeg,Volkswagen_Passat,Custom
272,Volkswagen Passat,passatside.jpeg,Volkswagen_Passat,Custom
273,Jeep Liberty,libertyback.jpeg,Jeep_Liberty,Custom
274,Jeep Liberty,libertyside.jpeg,Jeep_Liberty,Custom
275,Jeep Liberty,libertyfront.jpeg,Jeep_Liberty,Custom
276,Pontiac Grand Prix,grandprixfront.jpeg,Pontiac_Grand_Prix,Custom
277,Pontiac Grand Prix,grandprixside.jpeg,Pontiac_Grand_Prix,Custom
278,Pontiac Grand Prix,grandprixback.jpeg,Pontiac_Grand_Prix,Custom
279,Chevrolet Impala Caprice,chevyimpalafront.jpeg,Chevrolet_Impala_Caprice,Custom
280,Chevrolet Impala Caprice,chevyimpalaback.jpeg,Chevrolet_Impala_Caprice,Custom
281,Chevrolet Impala Caprice,2014-Chevrolet-Impala-side-view.jpg,Chevrolet_Impala_Caprice,Custom
282,Buick Century,buick century-side.jpeg,Buick_Century,Custom
283,Buick Century,buickcentury-back.jpg,Buick_Century,Custom
284,Buick Century,buickcentury-front.jpg,Buick_Century,Custom
285,Chevrolet Cavalier,cavalierback.jpeg,Chevrolet_Cavalier,Custom
286,Chevrolet Cavalier,cavalierside.jpg,Chevrolet_Cavalier,Custom
287,Chevrolet Cavalier,cavalierfront.jpg,Chevrolet_Cavalier,Custom
288,Chevrolet Sonic,chevysonicfront.jpeg,Chevrolet_Sonic,Custom
289,Chevrolet Sonic,chevysonicside.jpeg,Chevrolet_Sonic,Custom
290,Chevrolet Sonic,chevysonicback.jpeg,Chevrolet_Sonic,Custom
291,Ford F Series,Ford F-150 front.jpeg,Ford_F_Series,Custom
292,Ford F Series,Ford f150 side.jpeg,Ford_F_Series,Custom
293,Ford F Series,ford f150 back.jpeg,Ford_F_Series,Custom
294,Honda Pilot,pilotfront.jpeg,Honda_Pilot,Custom
295,Honda Pilot,pilotside.jpeg,Honda_Pilot,Custom
296,Honda Pilot,pilotback.jpeg,Honda_Pilot,Custom
297,Chevrolet Malibu,chevymalibuback.jpeg,Chevrolet_Malibu,Custom
298,Chevrolet Malibu,chevymalibuside.jpeg,Chevrolet_Malibu,Custom
299,Chevrolet Malibu,chevymalibufront.jpeg,Chevrolet_Malibu,Custom
